{
    "runtimeOptions":  {
                           "tfm":  "net6.0",
                           "frameworks":  [
                                              {
                                                  "name":  "Microsoft.WindowsDesktop.App",
                                                  "version":  "6.0.0"
                                              }
                                          ],
                           "configProperties":  {
                                                    "System.Reflection.Metadata.MetadataUpdater.IsSupported":  false
                                                }
                       }
}
